Num,Speed X,Speed Y,Speed Z,Total Speed,Lo,La,Heading(Deg)
0,-0.19744519887126444,-0.08440147323471425,-0.14183161551066803,0.2147282357807267,361810.0,6922259.0,179.22866346828746
1,-0.27399514234105027,-0.06587794220317633,-0.07797229308970088,0.2818035508921373,361810.0,6922259.0,179.3306068373159
2,-0.03821869372416131,0.01714906100486857,-0.04375318865026401,0.04188984176778364,361809.0,6922258.0,179.4946695115741
