Num,Speed X,Speed Y,Speed Z,Total Speed,Lo,La,Heading(Deg)
0,-0.017567512391991613,-0.020834353999816813,0.009865632292616056,0.02725229895316103,364296.0,6922400.0,-92.65125061387678
1,0.08599693507207462,0.001935018799485988,-0.02729019115598419,0.08601870226610596,364295.0,6922400.0,-92.632487715506
2,0.16879782491713513,0.01623113774257945,-0.07327725759878945,0.1695764002718963,364295.0,6922400.0,-92.63726586717105
