Num,Speed X,Speed Y,Speed Z,Total Speed,Lo,La,Heading(Deg)
0,-0.13737285494244134,0.0026923142513624043,0.020473039376938118,0.13739923519097594,360491.0,6920046.0,-657.0808893260057
1,-0.09535184649394068,-0.023235542612383142,0.05949282448625581,0.09814206575315144,360490.0,6920045.0,-657.0864267986933
2,0.019480191285765613,-0.05164565921859321,0.0854154927743167,0.055197390958749856,360490.0,6920045.0,-657.0829106055131
