Num,Speed X,Speed Y,Speed Z,Total Speed,Lo,La,Heading(Deg)
0,-0.23689893756909441,-0.007982102067671804,0.09390355256172711,0.23703337439015718,361935.0,6920425.0,84.07674406491438
1,0.23222952846936096,0.030275139974946796,0.07939169380151156,0.2341946583370431,361935.0,6920424.0,84.08072093031964
2,0.5247998751428895,0.05389299158537142,0.04098311073832406,0.5275598198233196,361936.0,6920426.0,84.05584024169417
