Num,Speed X,Speed Y,Speed Z,Total Speed,Lo,La,Heading(Deg)
0,-0.13031831590978982,-0.011786722607212141,-0.07537572751473931,0.13085025904209416,359024.0,6921180.0,-604.2022682712889
1,-0.4137653590532864,-0.02204862256803608,-0.03885106657946835,0.4143524032869155,359024.0,6921179.0,-604.1960647862385
2,-0.39952567238287884,-0.025002417369250907,0.02508988723761263,0.4003072367161224,359024.0,6921178.0,-604.1855717695776
