Num,Speed X,Speed Y,Speed Z,Total Speed,Lo,La,Heading(Deg)
0,-0.21953503240183636,-0.013008615060243756,-0.04466967770206054,0.21992010939761952,359245.0,6920117.0,133.84552547195094
1,-0.1382598868713103,-0.015019393458715058,-0.02214528925861714,0.13907328462913074,359245.0,6920117.0,133.84733073653783
2,-0.01282360420191253,-0.00971298000877141,0.0043271838118386086,0.01608685194120036,359245.0,6920117.0,133.84800748316448
